Model,Accuracy,Precision,Recall,F1 Score,MCC Score,AUC Score
Logistic Regression,0.6260162601626016,0.6346153846153846,0.8918918918918919,0.7415730337078652,0.15765403151136395,0.5366795366795367
Decision Tree,0.5772357723577236,0.6571428571428571,0.6216216216216216,0.6388888888888888,0.13032479243952472,0.5659128516271373
K-Nearest Neighbors,0.5691056910569106,0.6329113924050633,0.6756756756756757,0.6535947712418301,0.08562878855816318,0.5444015444015444
Naive Bayes,0.5609756097560976,0.6190476190476191,0.7027027027027027,0.6582278481012658,0.052225987285659914,0.5292333149476006
Random Forest,0.5934959349593496,0.6333333333333333,0.7702702702702703,0.6951219512195121,0.10695842321784271,0.5591560948703805
XGBoost,0.5934959349593496,0.6463414634146342,0.7162162162162162,0.6794871794871795,0.12917063288278074,0.6014892443463872
